ts,black_profile,white_profile,winner,result,moves,seconds,visits,komi,sgf,error,handicap
2026-09-12 19:01:02,preaz_10k,preaz_5k,W,W+R,147,143.7,40,7.5,g00000_preaz_10k_vs_preaz_5k.sgf,,0
2026-09-12 19:01:02,preaz_10k,preaz_5k,W,W+R,145,144.0,40,7.5,g00001_preaz_10k_vs_preaz_5k.sgf,,0
2026-09-12 19:03:35,rank_1k,rank_5k,B,B+R,146,244.9,40,7.5,g00000_rank_1k_vs_rank_5k.sgf,,0
2026-09-12 19:03:35,rank_1k,rank_5k,B,B+R,176,275.5,40,7.5,g00002_rank_1k_vs_rank_5k.sgf,,0
2026-09-12 19:03:35,rank_5k,rank_1k,W,W+R,189,281.1,40,7.5,g00003_rank_5k_vs_rank_1k.sgf,,0
2026-09-12 19:03:35,rank_5k,rank_1k,W,W+34.5,256,301.4,40,7.5,g00001_rank_5k_vs_rank_1k.sgf,,0
2026-09-12 19:08:48,preaz_5k,preaz_15k,B,B+R,146,135.7,40,7.5,g00000_preaz_5k_vs_preaz_15k.sgf,,0
2026-09-12 19:08:48,rank_1k,preaz_1k,W,W+8.5,306,223.9,40,7.5,g00001_rank_1k_vs_preaz_1k.sgf,,0
2026-09-12 19:11:03,preaz_15k,preaz_10k,W,W+R,233,166.1,40,7.5,g00002_preaz_15k_vs_preaz_10k.sgf,,0
2026-09-12 19:12:32,preaz_15k,preaz_10k,W,W+R,167,130.7,40,7.5,g00003_preaz_15k_vs_preaz_10k.sgf,,0
2026-09-12 19:13:49,preaz_1k,preaz_5k,B,B+R,146,113.0,40,7.5,g00004_preaz_1k_vs_preaz_5k.sgf,,0
2026-09-12 19:14:42,rank_3d,rank_5d,W,W+R,189,150.3,40,7.5,g00005_rank_3d_vs_rank_5d.sgf,,0
2026-09-12 19:15:42,preaz_5k,preaz_15k,B,B+R,146,108.7,40,7.5,g00006_preaz_5k_vs_preaz_15k.sgf,,0
2026-09-12 19:17:13,rank_1k,rank_5k,B,B+R,146,139.5,40,7.5,g00007_rank_1k_vs_rank_5k.sgf,,0
2026-09-12 19:17:31,preaz_15k,preaz_20k,W,W+R,199,154.3,40,7.5,g00008_preaz_15k_vs_preaz_20k.sgf,,0
2026-09-12 19:19:32,rank_1d,rank_5k,B,B+R,292,179.0,40,7.5,g00009_rank_1d_vs_rank_5k.sgf,,0
2026-09-12 19:20:05,rank_5d,rank_3d,B,B+27.5,324,234.4,40,7.5,g00010_rank_5d_vs_rank_3d.sgf,,0
2026-09-12 19:22:31,rank_5k,rank_1d,W,W+R,163,90.7,40,7.5,g00011_rank_5k_vs_rank_1d.sgf,,0
2026-09-12 19:24:02,preaz_5k,preaz_15k,B,B+R,146,117.2,40,7.5,g00013_preaz_5k_vs_preaz_15k.sgf,,0
2026-09-12 19:24:00,preaz_10k,preaz_5k,W,W+26.5,320,186.7,40,7.5,g00012_preaz_10k_vs_preaz_5k.sgf,,0
2026-09-12 19:25:59,rank_5k,rank_1d,W,W+R,187,115.0,40,7.5,g00014_rank_5k_vs_rank_1d.sgf,,0
2026-09-12 19:27:06,preaz_15k,preaz_20k,W,W+R,145,92.0,40,7.5,g00015_preaz_15k_vs_preaz_20k.sgf,,0
2026-09-12 19:27:54,preaz_10k,preaz_15k,B,B+R,146,85.5,40,7.5,g00016_preaz_10k_vs_preaz_15k.sgf,,0
2026-09-12 19:28:39,preaz_10k,preaz_5k,W,W+R,145,92.1,40,7.5,g00017_preaz_10k_vs_preaz_5k.sgf,,0
2026-09-12 19:29:19,rank_1d,rank_3d,W,W+R,193,130.6,40,7.5,g00018_rank_1d_vs_rank_3d.sgf,,0
2026-09-12 19:30:11,preaz_5k,preaz_15k,B,B+R,146,91.6,40,7.5,g00019_preaz_5k_vs_preaz_15k.sgf,,0
2026-09-12 19:31:42,preaz_5k,preaz_10k,B,B+R,152,102.5,40,7.5,g00021_preaz_5k_vs_preaz_10k.sgf,,0
2026-09-12 19:31:30,preaz_15k,preaz_20k,B,B+R,146,115.5,40,7.5,g00020_preaz_15k_vs_preaz_20k.sgf,,0
2026-09-12 19:33:25,rank_1k,preaz_1k,B,B+R,146,109.9,40,7.5,g00022_rank_1k_vs_preaz_1k.sgf,,0
2026-09-12 19:33:26,rank_1d,rank_1k,B,B+R,324,184.8,40,7.5,g00023_rank_1d_vs_rank_1k.sgf,,0
2026-09-12 19:35:15,rank_3d,rank_5d,W,W+20.5,273,162.4,40,7.5,g00024_rank_3d_vs_rank_5d.sgf,,0
2026-09-12 19:36:30,rank_1d,rank_3d,W,W+R,215,115.3,40,7.5,g00025_rank_1d_vs_rank_3d.sgf,,0
2026-09-12 19:38:26,rank_1d,rank_5k,B,B+R,146,99.1,40,7.5,g00027_rank_1d_vs_rank_5k.sgf,,0
2026-09-12 19:37:57,preaz_20k,preaz_15k,B,B+R,222,139.9,40,7.5,g00026_preaz_20k_vs_preaz_15k.sgf,,0
2026-09-12 19:40:05,preaz_1k,rank_1k,W,W+R,145,96.5,40,7.5,g00028_preaz_1k_vs_rank_1k.sgf,,0
2026-09-12 19:40:17,preaz_5k,preaz_1k,W,W+R,219,126.2,40,7.5,g00029_preaz_5k_vs_preaz_1k.sgf,,0
2026-09-12 19:41:41,preaz_15k,preaz_20k,B,B+R,146,90.9,40,7.5,g00030_preaz_15k_vs_preaz_20k.sgf,,0
2026-09-12 19:42:23,rank_1d,rank_3d,W,W+R,165,96.1,40,7.5,g00031_rank_1d_vs_rank_3d.sgf,,0
2026-09-12 19:43:59,rank_5k,rank_1d,W,W+R,145,101.5,40,7.5,g00033_rank_5k_vs_rank_1d.sgf,,0
2026-09-12 19:43:12,preaz_10k,preaz_5k,W,W+22.5,235,149.7,40,7.5,g00032_preaz_10k_vs_preaz_5k.sgf,,0
2026-09-12 19:45:41,preaz_10k,preaz_5k,W,W+R,147,113.4,40,7.5,g00034_preaz_10k_vs_preaz_5k.sgf,,0
2026-09-12 19:47:34,preaz_1k,preaz_5k,B,B+R,146,95.5,40,7.5,g00036_preaz_1k_vs_preaz_5k.sgf,,0
2026-09-12 19:45:42,rank_1d,rank_1k,W,W+32.5,350,208.2,40,7.5,g00035_rank_1d_vs_rank_1k.sgf,,0
2026-09-12 19:49:10,preaz_1k,rank_1k,B,B+R,266,148.5,40,7.5,g00038_preaz_1k_vs_rank_1k.sgf,,0
2026-09-12 19:49:10,preaz_15k,preaz_10k,W,W+12.5,275,177.3,40,7.5,g00037_preaz_15k_vs_preaz_10k.sgf,,0
2026-09-12 19:51:39,rank_5k,rank_1k,W,W+R,163,94.2,40,7.5,g00039_rank_5k_vs_rank_1k.sgf,,0
2026-09-12 19:52:07,preaz_15k,preaz_20k,B,B+R,146,84.7,40,7.5,g00040_preaz_15k_vs_preaz_20k.sgf,,0
2026-09-12 19:53:13,preaz_15k,preaz_5k,W,W+R,145,108.9,40,7.5,g00041_preaz_15k_vs_preaz_5k.sgf,,0
2026-09-12 19:53:32,preaz_5k,preaz_15k,B,B+R,146,97.0,40,7.5,g00042_preaz_5k_vs_preaz_15k.sgf,,0
2026-09-12 19:55:02,preaz_15k,preaz_10k,W,W+R,145,96.7,40,7.5,g00043_preaz_15k_vs_preaz_10k.sgf,,0
2026-09-12 19:55:09,preaz_5k,preaz_10k,B,B+R,176,104.4,40,7.5,g00044_preaz_5k_vs_preaz_10k.sgf,,0
2026-09-12 19:56:53,rank_5k,rank_1d,W,W+R,145,113.5,40,7.5,g00046_rank_5k_vs_rank_1d.sgf,,0
2026-09-12 19:56:38,rank_1k,rank_5k,B,B+37.5,309,165.7,40,7.5,g00045_rank_1k_vs_rank_5k.sgf,,0
2026-09-12 19:59:24,preaz_15k,preaz_5k,W,W+R,145,115.3,40,7.5,g00048_preaz_15k_vs_preaz_5k.sgf,,0
2026-09-12 19:58:47,rank_3d,rank_5d,W,W+2.5,324,158.0,40,7.5,g00047_rank_3d_vs_rank_5d.sgf,,0
2026-09-12 20:01:19,rank_1d,rank_5k,B,B+R,146,98.6,40,7.5,g00049_rank_1d_vs_rank_5k.sgf,,0
2026-09-12 20:01:25,rank_1k,rank_1d,W,W+R,145,97.7,40,7.5,g00050_rank_1k_vs_rank_1d.sgf,,0
2026-09-12 20:03:02,rank_1k,preaz_1k,B,B+7.5,181,89.9,40,7.5,g00052_rank_1k_vs_preaz_1k.sgf,,0
2026-09-12 20:02:58,rank_5d,rank_3d,B,B+35.5,317,174.8,40,7.5,g00051_rank_5d_vs_rank_3d.sgf,,0
2026-09-12 20:04:32,preaz_1k,preaz_5k,W,W+R,145,83.5,40,7.5,g00053_preaz_1k_vs_preaz_5k.sgf,,0
2026-09-12 20:05:53,preaz_15k,preaz_10k,W,W+R,145,102.0,40,7.5,g00054_preaz_15k_vs_preaz_10k.sgf,,0
2026-09-12 20:05:56,rank_1d,rank_3d,W,W+4.5,249,127.9,40,7.5,g00055_rank_1d_vs_rank_3d.sgf,,0
2026-09-12 20:07:35,rank_1k,rank_5k,B,B+R,146,83.4,40,7.5,g00056_rank_1k_vs_rank_5k.sgf,,0
2026-09-12 20:08:04,preaz_5k,preaz_1k,W,W+R,145,94.4,40,7.5,g00057_preaz_5k_vs_preaz_1k.sgf,,0
2026-09-12 20:08:58,rank_5k,rank_1d,W,W+R,145,78.0,40,7.5,g00058_rank_5k_vs_rank_1d.sgf,,0
2026-09-12 20:09:38,preaz_5k,preaz_10k,B,B+R,164,75.7,40,7.5,g00059_preaz_5k_vs_preaz_10k.sgf,,0
2026-09-12 20:10:16,preaz_10k,preaz_15k,B,B+R,162,106.1,40,7.5,g00060_preaz_10k_vs_preaz_15k.sgf,,0
2026-09-12 20:10:54,preaz_1k,preaz_5k,B,B+R,146,80.2,40,7.5,g00061_preaz_1k_vs_preaz_5k.sgf,,0
2026-09-12 20:12:02,rank_1k,rank_5k,B,B+R,150,95.4,40,7.5,g00062_rank_1k_vs_rank_5k.sgf,,0
2026-09-12 20:12:14,rank_1d,rank_3d,W,W+R,145,96.7,40,7.5,g00063_rank_1d_vs_rank_3d.sgf,,0
2026-09-12 20:13:38,rank_5k,rank_1k,W,W+R,145,52.2,40,7.5,g00064_rank_5k_vs_rank_1k.sgf,,0
2026-09-12 20:13:51,preaz_1k,rank_1k,W,W+30.5,218,115.9,40,7.5,g00065_preaz_1k_vs_rank_1k.sgf,,0
2026-09-12 20:14:30,rank_3d,rank_1d,W,W+R,275,157.3,40,7.5,g00066_rank_3d_vs_rank_1d.sgf,,0
2026-09-12 20:15:47,preaz_5k,preaz_1k,W,W+R,231,122.7,40,7.5,g00067_preaz_5k_vs_preaz_1k.sgf,,0
2026-09-12 20:17:07,rank_1d,rank_1k,B,B+R,180,84.9,40,7.5,g00068_rank_1d_vs_rank_1k.sgf,,0
2026-09-12 20:17:49,rank_5k,rank_1k,W,W+R,145,84.6,40,7.5,g00069_rank_5k_vs_rank_1k.sgf,,0
2026-09-12 20:18:32,preaz_20k,preaz_15k,W,W+R,213,139.9,40,7.5,g00070_preaz_20k_vs_preaz_15k.sgf,,0
2026-09-12 20:19:14,rank_1k,preaz_1k,B,B+R,192,112.9,40,7.5,g00071_rank_1k_vs_preaz_1k.sgf,,0
2026-09-12 20:20:52,rank_1d,rank_3d,W,W+R,209,154.8,40,7.5,g00072_rank_1d_vs_rank_3d.sgf,,0
2026-09-12 20:21:07,rank_1d,rank_5k,B,B+R,146,142.1,40,7.5,g00073_rank_1d_vs_rank_5k.sgf,,0
2026-09-12 20:23:27,rank_1d,rank_3d,W,W+R,209,115.0,40,7.5,g00074_rank_1d_vs_rank_3d.sgf,,0
2026-09-12 20:23:29,preaz_20k,preaz_15k,W,W+R,145,127.2,40,7.5,g00075_preaz_20k_vs_preaz_15k.sgf,,0
2026-09-12 20:25:22,preaz_5k,preaz_10k,B,B+R,146,119.6,40,7.5,g00076_preaz_5k_vs_preaz_10k.sgf,,0
2026-09-12 20:25:36,preaz_1k,rank_1k,W,W+R,145,118.1,40,7.5,g00077_preaz_1k_vs_rank_1k.sgf,,0
2026-09-12 20:27:21,preaz_1k,preaz_5k,B,B+R,146,83.0,40,7.5,g00078_preaz_1k_vs_preaz_5k.sgf,,0
2026-09-12 20:27:34,preaz_15k,preaz_10k,W,W+R,145,101.2,40,7.5,g00079_preaz_15k_vs_preaz_10k.sgf,,0
2026-09-12 20:29:15,rank_3d,rank_1d,B,B+R,146,126.4,40,7.5,g00081_rank_3d_vs_rank_1d.sgf,,0
2026-09-12 20:28:44,rank_1k,rank_5k,B,B+3.5,270,160.7,40,7.5,g00080_rank_1k_vs_rank_5k.sgf,,0
2026-09-12 20:31:22,rank_5k,rank_1d,W,W+R,145,96.3,40,7.5,g00082_rank_5k_vs_rank_1d.sgf,,0
2026-09-12 20:31:25,rank_5d,rank_3d,B,B+R,244,183.9,40,7.5,g00083_rank_5d_vs_rank_3d.sgf,,0
2026-09-12 20:32:58,preaz_5k,preaz_10k,W,W+R,145,114.5,40,7.5,g00084_preaz_5k_vs_preaz_10k.sgf,,0
2026-09-12 20:34:29,rank_5k,rank_1k,W,W+R,145,133.5,40,7.5,g00085_rank_5k_vs_rank_1k.sgf,,0
2026-09-12 20:34:53,preaz_1k,preaz_5k,B,B+R,162,117.4,40,7.5,g00086_preaz_1k_vs_preaz_5k.sgf,,0
2026-09-12 20:36:43,rank_5d,rank_3d,B,B+R,172,110.8,40,7.5,g00087_rank_5d_vs_rank_3d.sgf,,0
2026-09-12 20:36:50,rank_1k,rank_1d,W,W+R,181,117.8,40,7.5,g00088_rank_1k_vs_rank_1d.sgf,,0
2026-09-12 20:38:48,rank_3d,rank_1d,B,B+R,146,102.7,40,7.5,g00090_rank_3d_vs_rank_1d.sgf,,0
2026-09-12 20:38:33,preaz_5k,preaz_15k,B,B+R,146,120.8,40,7.5,g00089_preaz_5k_vs_preaz_15k.sgf,,0
2026-09-12 20:40:31,rank_1k,rank_5k,B,B+R,146,110.9,40,7.5,g00091_rank_1k_vs_rank_5k.sgf,,0
2026-09-12 20:40:34,rank_5d,rank_3d,B,B+R,232,132.6,40,7.5,g00092_rank_5d_vs_rank_3d.sgf,,0
2026-09-12 20:42:21,preaz_5k,preaz_15k,B,B+R,146,89.9,40,7.5,g00093_preaz_5k_vs_preaz_15k.sgf,,0
2026-09-12 20:42:47,preaz_15k,preaz_5k,W,W+R,145,113.1,40,7.5,g00094_preaz_15k_vs_preaz_5k.sgf,,0
2026-09-12 20:43:51,preaz_10k,preaz_5k,W,W+R,145,96.1,40,7.5,g00095_preaz_10k_vs_preaz_5k.sgf,,0
2026-09-12 20:44:40,rank_3d,rank_1d,B,B+R,146,98.6,40,7.5,g00096_rank_3d_vs_rank_1d.sgf,,0
2026-09-12 20:45:28,preaz_15k,preaz_20k,W,W+R,145,127.5,40,7.5,g00097_preaz_15k_vs_preaz_20k.sgf,,0
2026-09-12 20:46:18,rank_3d,rank_1d,B,B+29.5,317,152.0,40,7.5,g00098_rank_3d_vs_rank_1d.sgf,,0
2026-09-12 20:47:35,rank_5k,rank_1d,W,W+R,145,94.9,40,7.5,g00099_rank_5k_vs_rank_1d.sgf,,0
2026-09-12 20:48:50,preaz_5k,preaz_1k,W,W+R,179,113.8,40,7.5,g00100_preaz_5k_vs_preaz_1k.sgf,,0
2026-09-12 20:49:10,rank_1k,preaz_1k,B,B+11.5,342,202.7,40,7.5,g00101_rank_1k_vs_preaz_1k.sgf,,0
2026-09-12 20:50:44,preaz_20k,preaz_15k,W,W+R,175,127.7,40,7.5,g00102_preaz_20k_vs_preaz_15k.sgf,,0
2026-09-12 20:52:52,preaz_15k,preaz_20k,W,W+R,145,86.0,40,7.5,g00104_preaz_15k_vs_preaz_20k.sgf,,0
2026-09-12 20:52:33,rank_1k,rank_1d,B,B+R,190,119.4,40,7.5,g00103_rank_1k_vs_rank_1d.sgf,,0
2026-09-12 20:54:18,rank_5k,rank_1k,W,W+R,145,103.2,40,7.5,g00105_rank_5k_vs_rank_1k.sgf,,0
2026-09-12 20:54:32,preaz_1k,preaz_5k,B,B+R,150,107.1,40,7.5,g00106_preaz_1k_vs_preaz_5k.sgf,,0
2026-09-12 20:56:01,preaz_15k,preaz_10k,W,W+R,211,133.6,40,7.5,g00107_preaz_15k_vs_preaz_10k.sgf,,0
2026-09-12 20:56:19,rank_1d,rank_1k,B,B+R,230,164.1,40,7.5,g00108_rank_1d_vs_rank_1k.sgf,,0
2026-09-12 20:58:15,preaz_10k,preaz_15k,B,B+R,146,69.6,40,7.5,g00109_preaz_10k_vs_preaz_15k.sgf,,0
2026-09-12 20:59:03,rank_1k,rank_5k,B,B+R,146,66.6,40,7.5,g00110_rank_1k_vs_rank_5k.sgf,,0
2026-09-12 20:59:24,rank_3d,rank_5d,W,W+R,145,93.7,40,7.5,g00111_rank_3d_vs_rank_5d.sgf,,0
2026-09-12 21:00:10,rank_3d,rank_5d,B,B+23.5,312,163.3,40,7.5,g00112_rank_3d_vs_rank_5d.sgf,,0
2026-09-12 21:00:58,preaz_10k,preaz_15k,B,B+15.5,330,216.6,40,7.5,g00113_preaz_10k_vs_preaz_15k.sgf,,0
2026-09-12 21:02:53,rank_1k,rank_1d,W,W+R,171,119.1,40,7.5,g00114_rank_1k_vs_rank_1d.sgf,,0
2026-09-12 21:04:52,preaz_1k,rank_1k,B,B+R,164,136.9,40,7.5,g00116_preaz_1k_vs_rank_1k.sgf,,0
2026-09-12 21:04:35,rank_1k,rank_1d,W,W+22.5,227,187.9,40,7.5,g00115_rank_1k_vs_rank_1d.sgf,,0
2026-09-12 21:07:09,preaz_1k,rank_1k,B,B+R,252,177.6,40,7.5,g00117_preaz_1k_vs_rank_1k.sgf,,0
2026-09-12 21:07:43,rank_5d,rank_3d,B,B+21.5,306,291.1,40,7.5,g00118_rank_5d_vs_rank_3d.sgf,,0
2026-09-12 21:10:07,preaz_15k,preaz_20k,W,W+4.5,327,291.6,40,7.5,g00119_preaz_15k_vs_preaz_20k.sgf,,0
2026-09-12 21:12:34,rank_1k,rank_1d,B,B+R,146,157.2,40,7.5,g00120_rank_1k_vs_rank_1d.sgf,,0
2026-09-12 21:15:11,rank_1d,rank_5k,B,B+R,146,177.0,40,7.5,g00122_rank_1d_vs_rank_5k.sgf,,0
2026-09-12 21:14:59,rank_1k,preaz_1k,B,B+R,246,323.4,40,7.5,g00121_rank_1k_vs_preaz_1k.sgf,,0
2026-09-12 21:18:08,preaz_5k,preaz_1k,W,W+R,145,211.9,40,7.5,g00123_preaz_5k_vs_preaz_1k.sgf,,0
2026-09-12 21:20:22,rank_5d,rank_3d,B,B+15.5,316,282.4,40,7.5,g00124_rank_5d_vs_rank_3d.sgf,,0
2026-09-12 21:21:40,rank_1k,rank_1d,W,W+12.5,323,331.9,40,7.5,g00125_rank_1k_vs_rank_1d.sgf,,0
2026-09-12 21:25:04,preaz_5k,preaz_10k,B,B+R,190,260.1,40,7.5,g00126_preaz_5k_vs_preaz_10k.sgf,,0
2026-09-12 21:27:12,preaz_10k,preaz_5k,W,W+R,221,275.6,40,7.5,g00127_preaz_10k_vs_preaz_5k.sgf,,0
2026-09-12 21:29:24,rank_1k,rank_1d,W,W+R,145,155.6,40,7.5,g00128_rank_1k_vs_rank_1d.sgf,,0
2026-09-12 21:31:47,preaz_15k,preaz_5k,W,W+R,165,111.8,40,7.5,g00129_preaz_15k_vs_preaz_5k.sgf,,0
2026-09-12 21:32:00,preaz_15k,preaz_5k,W,W+R,145,128.8,40,7.5,g00130_preaz_15k_vs_preaz_5k.sgf,,0
2026-09-12 21:33:39,preaz_15k,preaz_10k,W,W+R,145,79.4,40,7.5,g00131_preaz_15k_vs_preaz_10k.sgf,,0
2026-09-13 14:12:16,preaz_10k,preaz_5k,B,B+R,152,144.8,40,0.5,g00000_preaz_10k_vs_preaz_5k.sgf,,5
2026-09-13 14:12:16,preaz_10k,preaz_5k,B,B+R,198,165.2,40,0.5,g00001_preaz_10k_vs_preaz_5k.sgf,,5
2026-09-13 15:26:24,preaz_10k,preaz_5k,W,W+R,148,126.5,40,0.5,g00000_preaz_10k_vs_preaz_5k.sgf,,2
2026-09-13 15:26:24,preaz_15k,preaz_5k,W,W+R,190,151.5,40,0.5,g00001_preaz_15k_vs_preaz_5k.sgf,,6
2026-09-13 15:28:31,preaz_10k,preaz_5k,B,B+6.5,262,159.2,40,0.5,g00002_preaz_10k_vs_preaz_5k.sgf,,2
2026-09-13 15:28:56,preaz_15k,preaz_5k,W,W+R,224,143.5,40,0.5,g00003_preaz_15k_vs_preaz_5k.sgf,,4
2026-09-13 15:31:10,preaz_10k,preaz_5k,W,W+R,149,58.3,40,0.5,g00004_preaz_10k_vs_preaz_5k.sgf,,3
2026-09-13 15:31:19,rank_5k,rank_1k,W,W+R,149,89.5,40,0.5,g00005_rank_5k_vs_rank_1k.sgf,,3
2026-09-13 15:32:08,rank_5k,rank_1k,B,B+R,175,99.7,40,0.5,g00006_rank_5k_vs_rank_1k.sgf,,6
2026-09-13 15:32:49,preaz_10k,preaz_5k,W,W+R,214,161.2,40,0.5,g00007_preaz_10k_vs_preaz_5k.sgf,,4
2026-09-13 15:33:48,rank_5k,rank_1k,W,W+R,188,103.7,40,0.5,g00008_rank_5k_vs_rank_1k.sgf,,4
2026-09-13 15:35:30,preaz_15k,preaz_5k,W,W+R,149,117.2,40,0.5,g00009_preaz_15k_vs_preaz_5k.sgf,,3
2026-09-13 15:35:32,rank_5k,rank_1k,W,W+28.5,300,151.1,40,7.5,g00010_rank_5k_vs_rank_1k.sgf,,0
2026-09-13 15:38:03,rank_5k,rank_1k,W,W+R,211,117.4,40,7.5,g00012_rank_5k_vs_rank_1k.sgf,,0
2026-09-13 15:37:27,preaz_10k,preaz_5k,B,B+25.5,267,184.0,40,7.5,g00011_preaz_10k_vs_preaz_5k.sgf,,0
2026-09-13 15:40:00,rank_1k,rank_5k,B,B+R,146,71.9,40,7.5,g00013_rank_1k_vs_rank_5k.sgf,,0
2026-09-13 15:40:31,preaz_15k,preaz_5k,W,W+R,216,122.2,40,0.5,g00014_preaz_15k_vs_preaz_5k.sgf,,6
2026-09-13 15:41:12,preaz_15k,preaz_5k,W,W+R,152,125.1,40,0.5,g00015_preaz_15k_vs_preaz_5k.sgf,,6
2026-09-13 15:42:34,preaz_15k,preaz_5k,W,W+R,178,91.0,40,0.5,g00016_preaz_15k_vs_preaz_5k.sgf,,4
2026-09-13 15:43:17,preaz_10k,preaz_5k,W,W+R,150,78.9,40,0.5,g00017_preaz_10k_vs_preaz_5k.sgf,,4
2026-09-13 15:44:05,rank_5k,rank_1k,W,W+R,205,152.2,40,0.5,g00018_rank_5k_vs_rank_1k.sgf,,3
2026-09-13 15:44:36,preaz_10k,preaz_5k,B,B+4.5,258,134.0,40,0.5,g00019_preaz_10k_vs_preaz_5k.sgf,,6
2026-09-13 15:46:37,preaz_10k,preaz_5k,B,B+R,161,120.7,40,0.5,g00020_preaz_10k_vs_preaz_5k.sgf,,4
2026-09-13 15:46:50,preaz_5k,preaz_15k,B,B+R,146,107.5,40,7.5,g00021_preaz_5k_vs_preaz_15k.sgf,,0
2026-09-13 15:48:37,preaz_10k,preaz_5k,W,W+R,183,82.2,40,0.5,g00022_preaz_10k_vs_preaz_5k.sgf,,3
2026-09-13 15:48:38,rank_5k,rank_1k,W,W+R,145,123.9,40,7.5,g00023_rank_5k_vs_rank_1k.sgf,,0
2026-09-13 15:50:00,preaz_10k,preaz_5k,B,B+16.5,273,128.8,40,0.5,g00024_preaz_10k_vs_preaz_5k.sgf,,6
2026-09-13 15:50:42,preaz_15k,preaz_5k,W,W+R,148,121.8,40,0.5,g00025_preaz_15k_vs_preaz_5k.sgf,,2
2026-09-13 15:52:09,preaz_10k,preaz_5k,W,W+31.5,309,147.5,40,0.5,g00026_preaz_10k_vs_preaz_5k.sgf,,3
2026-09-13 15:52:44,rank_5k,rank_1k,B,B+R,217,165.6,40,0.5,g00027_rank_5k_vs_rank_1k.sgf,,4
2026-09-13 15:54:36,preaz_10k,preaz_5k,B,B+R,151,84.8,40,0.5,g00028_preaz_10k_vs_preaz_5k.sgf,,6
2026-09-13 15:55:29,rank_5k,rank_1k,W,W+7.5,295,144.0,40,0.5,g00029_rank_5k_vs_rank_1k.sgf,,4
2026-09-13 15:56:01,rank_5k,rank_1k,W,W+R,214,179.4,40,0.5,g00030_rank_5k_vs_rank_1k.sgf,,2
2026-09-13 15:57:53,rank_5k,rank_1k,W,W+R,175,100.2,40,0.5,g00031_rank_5k_vs_rank_1k.sgf,,3
2026-09-13 15:59:00,preaz_15k,preaz_5k,W,W+R,149,150.5,40,0.5,g00032_preaz_15k_vs_preaz_5k.sgf,,3
2026-09-13 15:59:33,rank_5k,rank_1k,W,W+25.5,308,184.5,40,0.5,g00033_rank_5k_vs_rank_1k.sgf,,6
2026-09-13 16:01:31,preaz_10k,preaz_5k,W,W+27.5,293,160.9,40,0.5,g00034_preaz_10k_vs_preaz_5k.sgf,,2
